"1- Onde o sr.(a) reside (mora)?","PERCENTUAL"
"Estrangeiro","11.99"
"Brasileiro","88.01"


"1.1- Estado:","PERCENTUAL"
"RJ","4.66"
"AL","0.62"
"MT","1.55"
"AC","0.93"
"RN","16.77"
"MG","4.35"
"ES","1.24"
"PR","5.59"
"MA","1.55"
"GO","6.21"
"CE","7.14"
"MS","0.62"
"SE","0.31"
"BA","4.04"
"RS","0.62"
"PB","15.53"
"SP","12.11"
"PA","2.48"
"AM","1.24"
"SC","0.93"
"DF","2.48"
"PE","7.76"
"PI","1.24"
"Não Respondidos", "13.98","45"

"1.1- País:","PERCENTUAL"
"Chilenos","2.27"
"Peru","2.27"
"Angola Br","2.27"
"Franca","2.27"
"Portugual","2.27"
"Alemanha br","2.27"
"Itália","2.27"
"Agentino","2.27"
"Colômbia","2.27"
"Roma","2.27"
"Romano","2.27"
"Chile","4.55"
"ARG","2.27"
"Suíço","2.27"
"Uruguai","4.55"
"Argentina","22.73"
"Suécia","2.27"
"Portugal","11.36"
"Polonia","2.27"
"Roma_ Br","2.27"
"Arg br","2.27"
"Argentina Buenos Aires","2.27"
"Usa br","2.27"
"França","2.27"
"Arg","2.27"
"Canada Br","2.27"
"Roma_ br","2.27"
"Agentina","4.55"
"",""

"2- Sexo:","PERCENTUAL"
"Feminino","43.87"
"Masculino","56.13"


"3- Qual a sua faixa etária?","PERCENTUAL"
"36 a 50 anos","31.42"
"Até 17 anos","0.55"
"26 a 35 anos","39.34"
"18 a 25 anos","16.12"
"51 a 65 anos","11.20"
"Acima de 65 anos","1.37"
"Não Respondidos", "0.27","1"

"4- Qual sua escolaridade?","PERCENTUAL"
"Pós-Graduação","16.89"
"Sem instrução formal","0.27"
"Técnico","5.18"
"Superior Incompleto","20.16"
"Médio Completo","11.72"
"Médio Incompleto","2.18"
"Fundamental Incompleto","1.63"
"Superior","41.14"
"Fundamental Completo","0.82"


"5- Qual sua profissão? (ocupação principal)*","PERCENTUAL"
"Aposentado/Pensionista","3.01"
"Empresário","10.11"
"Indústria","1.64"
"Do lar","0.82"
"Empregado público","4.64"
"E-commerce/Digital Influencer","3.01"
"Outros","13.66"
"Estudante","11.48"
"Professor","9.29"
"Autônomo","14.21"
"Iniciativa privada","15.03"
"Funcionário público","7.10"
"Comércio","6.01"
"Não Respondidos", "0.27","1"

"6- Qual moeda você recebe seus rendimentos?","PERCENTUAL"
"Euros","4.10"
"Outros","5.46"
"Dólar","1.37"
"Real","89.07"
"Não Respondidos", "0.27","1"

"6.1- Faixa de renda?","PERCENTUAL"
"R$8.801,00 a R$18.000,00","11.48"
"Até R$880,00","10.16"
"Acima de R$18.000,00","5.57"
"R$3.501,00 a R$8.800,00","28.85"
"R$881,00 a R$1.800,00","18.03"
"R$1.801,00 a R$3.500,00","25.90"
"Não Respondidos", "20.33","62"

"6.1- Valor mensal/anual:","PERCENTUAL"
"19600","3.70"
"36000","3.70"
"60000","7.41"
"15000","3.70"
"9000","11.11"
"16000","3.70"
"10000000","3.70"
"13000","3.70"
"1000000","3.70"
"10000","3.70"
"264000","3.70"
"13200","3.70"
"21600","3.70"
"12000","7.41"
"20000","3.70"
"900000","3.70"
"180000","3.70"
"0","7.41"
"40000","3.70"
"300000","3.70"
"6000","7.41"
"",""

"7- Qual seu estado civil?","PERCENTUAL"
"Casado(a)","42.23"
"União Estável","4.63"
"Outros","0.54"
"Solteiro(a)","44.69"
"Divorciado(a)","6.27"
"Viúvo(a)","1.63"


"8- Qual sua orientação sexual?","PERCENTUAL"
"Outros","0.55"
"Heterossexual","92.35"
"Homossexual","4.37"
"Bissexual","2.73"
"Não Respondidos", "0.27","1"

"9- Com quem está viajando?","PERCENTUAL"
"Companheiro(a)","27.52"
"Sozinho","10.08"
"Família","41.14"
"Grupos de trabalho","0.27"
"Amigos","20.71"
"Grupos de turismo","0.27"


"10- Com quantas pessoas está viajando?","PERCENTUAL"
"05- cinco","7.36"
"01- uma","24.80"
"Nenhuma","9.81"
"04- quatro","10.90"
"02- duas","20.98"
"Grupos","11.99"
"03- três","14.17"


"11- Quanto tempo passou ou está programado para passar nessa cidade?","PERCENTUAL"
"Dias","93.46"
"Meses","6.54"


"11.1- Quantos dias?","PERCENTUAL"
"4","7.87"
"5","8.75"
"15","9.33"
"30","1.46"
"6","4.37"
"1","8.45"
"29","0.29"
"14","0.87"
"2","9.04"
"11","0.58"
"25","1.17"
"18","0.29"
"8","6.71"
"7","13.99"
"12","2.04"
"9","0.87"
"10","8.16"
"28","0.29"
"21","0.87"
"3","13.12"
"20","1.17"
"40","0.29"
"Não Respondidos", "7.00","24"

"11.1- Quantos meses?","PERCENTUAL"
"4","4.35"
"3","17.39"
"2","13.04"
"30","4.35"
"10","4.35"
"1","52.17"
"8","4.35"
"",""

"12- Qual meio de transporte você utilizou para chegar até este destino?","PERCENTUAL"
"Avião Carro próprio","4.10"
"Avião Ônibus de linha","0.82"
"Transporte coletivo/van","0.27"
"Avião Transfer/receptivo","14.48"
"Carro próprio Ônibus fretado","0.27"
"Moto","0.82"
"Avião Ônibus fretado","0.55"
"Carro próprio Transporte coletivo/van","0.27"
"Ônibus de linha","4.37"
"Avião Transporte coletivo/van","4.64"
"Avião Outros","6.01"
"Avião Carro alugado Transfer/receptivo","0.27"
"Ônibus fretado","1.37"
"Avião Carro alugado","8.20"
"Avião Fretado (charter)","0.27"
"Carro próprio Outros","0.55"
"Avião Ônibus de linha Transporte coletivo/van","0.55"
"Avião","5.19"
"Carro alugado","1.37"
"Carro próprio","40.98"
"Carro próprio Moto","0.27"
"Carro alugado Carro próprio","0.27"
"Outros","0.55"
"Ônibus fretado Transporte coletivo/van","0.82"
"Moto Ônibus de linha","0.27"
"Avião Transporte coletivo/van Outros","0.27"
"Ônibus de linha Transporte coletivo/van","2.19"
"Não Respondidos", "0.27","1"

"12- Qual meio de transporte você utilizou para chegar até este destino?/Ônibus de linha","PERCENTUAL"
"0","91.80"
"1","8.20"
"Não Respondidos", "0.27","1"

"12- Qual meio de transporte você utilizou para chegar até este destino?/Ônibus fretado","PERCENTUAL"
"1","3.01"
"0","96.99"
"Não Respondidos", "0.27","1"

"12- Qual meio de transporte você utilizou para chegar até este destino?/Carro alugado","PERCENTUAL"
"1","10.11"
"0","89.89"
"Não Respondidos", "0.27","1"

"12- Qual meio de transporte você utilizou para chegar até este destino?/Avião Fretado (charter)","PERCENTUAL"
"1","0.27"
"0","99.73"
"Não Respondidos", "0.27","1"

"12- Qual meio de transporte você utilizou para chegar até este destino?/Outros","PERCENTUAL"
"1","7.38"
"0","92.62"
"Não Respondidos", "0.27","1"

"12- Qual meio de transporte você utilizou para chegar até este destino?/Carro próprio","PERCENTUAL"
"1","46.72"
"0","53.28"
"Não Respondidos", "0.27","1"

"12- Qual meio de transporte você utilizou para chegar até este destino?/Moto","PERCENTUAL"
"0","98.63"
"1","1.37"
"Não Respondidos", "0.27","1"

"12- Qual meio de transporte você utilizou para chegar até este destino?/Transfer/receptivo","PERCENTUAL"
"1","14.75"
"0","85.25"
"Não Respondidos", "0.27","1"

"12- Qual meio de transporte você utilizou para chegar até este destino?/Transporte coletivo/van","PERCENTUAL"
"1","9.02"
"0","90.98"
"Não Respondidos", "0.27","1"

"12- Qual meio de transporte você utilizou para chegar até este destino?/Avião","PERCENTUAL"
"1","45.08"
"0","54.92"
"Não Respondidos", "0.27","1"

"12.1- Qual?","PERCENTUAL"
"Uber","7.41"
"Carro de amigo","3.70"
"Ubes","3.70"
"Carona","11.11"
"Taxi","70.37"
"Amigo foi buscar","3.70"
"",""

"13 - Qual meio de transporte você utilizou para se locomover por essa cidade e outras localidades?","PERCENTUAL"
"Quadriciclo","0.83"
"Buggy","0.28"
"Carro alugado","13.30"
"Moto táxi Outros","0.83"
"Carro/moto própria","38.50"
"Outros","41.83"
"Buggy Quadriciclo","0.28"
"Carro/moto própria Outros","2.22"
"Carro alugado Outros","0.83"
"Carro alugado Carro/moto própria","0.83"
"Carro alugado Moto táxi Outros","0.28"
"Não Respondidos", "1.66","6"

"13 - Qual meio de transporte você utilizou para se locomover por essa cidade e outras localidades?/Outros","PERCENTUAL"
"0","54.02"
"1","45.98"
"Não Respondidos", "1.66","6"

"13 - Qual meio de transporte você utilizou para se locomover por essa cidade e outras localidades?/Carro alugado","PERCENTUAL"
"1","15.24"
"0","84.76"
"Não Respondidos", "1.66","6"

"13 - Qual meio de transporte você utilizou para se locomover por essa cidade e outras localidades?/Buggy","PERCENTUAL"
"1","0.55"
"0","99.45"
"Não Respondidos", "1.66","6"

"13 - Qual meio de transporte você utilizou para se locomover por essa cidade e outras localidades?/Carro/moto própria","PERCENTUAL"
"1","41.55"
"0","58.45"
"Não Respondidos", "1.66","6"

"13 - Qual meio de transporte você utilizou para se locomover por essa cidade e outras localidades?/Moto táxi","PERCENTUAL"
"1","1.11"
"0","98.89"
"Não Respondidos", "1.66","6"

"13 - Qual meio de transporte você utilizou para se locomover por essa cidade e outras localidades?/Quadriciclo","PERCENTUAL"
"1","1.11"
"0","98.89"
"Não Respondidos", "1.66","6"

"13.1- Quais?","PERCENTUAL"
"A pé.","0.62"
"A pé,","0.62"
"Vans","3.70"
"Carro do amigo","0.62"
"Onibus","1.23"
"Ônibus","1.23"
"A pe","10.49"
"Van de turismo","0.62"
"Pê","0.62"
"Pernas e van","0.62"
"Pé","17.90"
"A pé, bike","0.62"
"Taxi e a pé","0.62"
"Tublico van","0.62"
"A pé, vans","0.62"
"Transfer","1.23"
" Taxi","0.62"
"Van","8.64"
"Coletivo","1.85"
"Carro próprio","0.62"
"Uber","0.62"
"Avainas","0.62"
"Van e moto taxi","0.62"
"A pé","21.60"
"Carona","0.62"
"A pé, carro do hotel","0.62"
"A pé e van","0.62"
"Van e bike","0.62"
"Uber e excursões","0.62"
"Taxi","9.88"
"Carro proprio","3.70"
"Van público","0.62"
"Vans e carona","0.62"
"Coletivo van","1.23"
"Trnsfer","0.62"
"A pê","0.62"
"A pé e taxi","1.23"
"Pernas","0.62"
"Moto propria","0.62"
"",""

"14- Qual o meio de hospedagem utilizado?","PERCENTUAL"
"Flat/ apart-hotel","9.81"
"Hotelaria doméstica","1.91"
"Casa de veraneio","9.54"
"Pousada/chalés","22.89"
"Outros","4.63"
"Camping","1.91"
"Casa de parentes/Amigos","17.98"
"Hostel/Albergue","10.08"
"Hotel/resort","21.25"


"15- Qual foi o motivo/ atrativo da sua viagem?","PERCENTUAL"
"Evento","1.63"
"Intercâmbio/ estudo","0.27"
"Lua de mel/ casamento","3.27"
"Sol e praia","43.05"
"Cultural","1.91"
"Outros","16.08"
"Visitar amigos/ parentes","7.90"
"Aventura e natureza","19.35"
"Esportivo","4.09"
"Trabalho","2.45"


"15.1- Quais?","PERCENTUAL"
"Forró do Agora","1.69"
"Balada","1.69"
"Cachaça","1.69"
"Passeio","6.78"
"Descansar","1.69"
"Festa","1.69"
"Ferias","18.64"
"Tempo livre","1.69"
"Descanso","3.39"
" Estava candado, queria relaxar, melhor clima, cidade dele esta ,- 5 c","1.69"
"Férias","20.34"
"Turismo","5.08"
"Não sabia onde ir","1.69"
"Descascar","1.69"
"Ano novo","1.69"
"Conhecer","3.39"
"Praia","1.69"
"Lazer","13.56"
"Residir","1.69"
"Farra","1.69"
"Relaxar","1.69"
"Réveillon","5.08"
"",""

"16- Qual foi a influência para sua escolha por essa cidadel?","PERCENTUAL"
"Evento","1.36"
"Já conhecia o local","40.05"
"Internet","14.99"
"Agência de viagem","5.45"
"Outros","7.36"
"Propaganda","1.36"
"Stand em eventos","0.27"
"Empresa/trabalho","1.09"
"Comentários","28.07"


"16.1- Qual?","PERCENTUAL"
"Curiosidade","4.35"
"Praia próxima.","4.35"
"Sempre quis vim, tentei uma vez mas não consegui hospedagem. Esta cheia a cidade.","4.35"
"Praias","8.70"
"Tranquilidade","4.35"
"Lugar","4.35"
"Amizade","4.35"
"Querem mudar","4.35"
"Amigos","8.70"
"Visita ao filho","4.35"
"Conhecer","4.35"
"Titia","4.35"
"Visitar a filha.","4.35"
"Belezas","8.70"
"Pipa","8.70"
"Por conta","4.35"
"Viagem","4.35"
"Amigos e réveillon","4.35"
"Lindo","4.35"
"",""

"17- Como organizou a viagem?","PERCENTUAL"
"Consultor de viagens","1.09"
"Outros","3.27"
"Agência de viagens","6.81"
"Corporativa","1.09"
"Sozinho/internet","87.74"


"17.1- Quais?","PERCENTUAL"
"Conta propria","9.09"
"Familiar","9.09"
"Com amigos","18.18"
"Já conhecia o lugar","9.09"
"Whatsapp","9.09"
"Roteiro realizado com amigas.","9.09"
"Primos","9.09"
"Familia","18.18"
"Cara da van","9.09"
"",""

"18- Você usou algum serviço especializado em informações turísticas?","PERCENTUAL"
"Não","80.93"
"Sim","19.07"


"18.1- Onde?","PERCENTUAL"
"Agência viagem","1.56"
"Panfletos","1.56"
"Iinternet","1.56"
"Guia de turismo local","1.56"
"Suiça","1.56"
"Bancobras","4.69"
"Caruaru","1.56"
"Book ,guia","1.56"
"Cvc","9.38"
"Internet e agencia de passeios","1.56"
" Internet","1.56"
"Internet","31.25"
"Agência de viajem","1.56"
"Site","3.12"
"Trip","1.56"
"Agência","3.12"
"Agencia viagem e de passeios","1.56"
"Site do hotel","1.56"
"Book","4.69"
"Natal","1.56"
"Em são paulo","1.56"
"Tibau","1.56"
"Ponta Negra","1.56"
"Booking","4.69"
"Hotel","1.56"
"Agencia de passeios","1.56"
"Agentes","3.12"
"Cara da fan","1.56"
"Em salvador","1.56"
"Booking.com e google","1.56"
"Comprou passagem pela cvc","1.56"
"",""

"19- Você utilizou algum serviço de guia ou acompanhante de turismo?","PERCENTUAL"
"Não","89.62"
"Sim","10.38"
"Não Respondidos", "0.27","1"

"19.1- Para quais serviços?","PERCENTUAL"
"City tour/receptivo","8.57"
"Passeios de buggy Passeios em atrativos turísticos Outros","2.86"
"City tour/receptivo Passeios em atrativos turísticos","5.71"
"Passeios de buggy","8.57"
"Passeios em atrativos turísticos Outros","2.86"
"Passeios em atrativos turísticos","45.71"
"Outros","11.43"
"Concierge","2.86"
"Passeios de buggy Outros","2.86"
"City tour/receptivo Passeios de buggy Passeios em atrativos turísticos","8.57"
"",""

"19.1- Para quais serviços?/Concierge","PERCENTUAL"
"1","2.86"
"0","97.14"
"",""

"19.1- Para quais serviços?/Passeios de buggy","PERCENTUAL"
"1","22.86"
"0","77.14"
"",""

"19.1- Para quais serviços?/Outros","PERCENTUAL"
"1","20.00"
"0","80.00"
"",""

"19.1- Para quais serviços?/Passeios em atrativos turísticos","PERCENTUAL"
"0","34.29"
"1","65.71"
"",""

"19.1- Para quais serviços?/City tour/receptivo","PERCENTUAL"
"1","22.86"
"0","77.14"
"",""

"19.2- Quais?","PERCENTUAL"
"Chegar","33.33"
"Quadriciclo","33.33"
"Passeio de barco","33.33"
"",""

"20- Você fez algum passeio?","PERCENTUAL"
"Não","61.58"
"Sim","38.42"


"20.1- Quais?","PERCENTUAL"
"Buggy Quatriciclo","0.71"
"Pau de arara Jardineira Buggy","0.71"
"Buggy Outros","0.71"
"Buggy Catamarã/lancha Quatriciclo","2.14"
"Jardineira Buggy Catamarã/lancha Outros","0.71"
"Jardineira Catamarã/lancha","0.71"
"Quatriciclo","5.71"
"Catamarã/lancha Quatriciclo","7.86"
"Buggy","4.29"
"Pau de arara Buggy Catamarã/lancha Quatriciclo Outros","0.71"
"Pau de arara Jardineira Buggy Catamarã/lancha Quatriciclo Outros","0.71"
"Pau de arara","5.71"
"Buggy Catamarã/lancha Outros","1.43"
"Jardineira Buggy","0.71"
"Pau de arara Jardineira","0.71"
"Jardineira Catamarã/lancha Outros","0.71"
"Pau de arara Catamarã/lancha","3.57"
"Jardineira Buggy Catamarã/lancha","2.14"
"Outros","20.00"
"Catamarã/lancha Outros","2.14"
"Catamarã/lancha","21.43"
"Quatriciclo Outros","0.71"
"Jardineira","2.86"
"Buggy Catamarã/lancha","6.43"
"Buggy Catamarã/lancha Quatriciclo Outros","1.43"
"Pau de arara Quatriciclo","0.71"
"Jardineira Buggy Quatriciclo","2.14"
"Jardineira Quatriciclo Outros","2.14"
"",""

"20.1- Quais?/Outros","PERCENTUAL"
"1","31.43"
"0","68.57"
"",""

"20.1- Quais?/Jardineira","PERCENTUAL"
"1","14.29"
"0","85.71"
"",""

"20.1- Quais?/Catamarã/lancha","PERCENTUAL"
"0","47.86"
"1","52.14"
"",""

"20.1- Quais?/Buggy","PERCENTUAL"
"1","25.00"
"0","75.00"
"",""

"20.1- Quais?/Quatriciclo","PERCENTUAL"
"1","25.00"
"0","75.00"
"",""

"20.1- Quais?/Pau de arara","PERCENTUAL"
"1","12.86"
"0","87.14"
"",""

"20.2- Quais?","PERCENTUAL"
"Arituba","3.23"
"Dunas 4x4","3.23"
"Cajueiro","3.23"
"Praia do amor","3.23"
"Ônibus","3.23"
"Dunas de jeep","3.23"
"Pé","6.45"
"Passeio de barco a vela","3.23"
"Excursão","3.23"
"Kaiak","3.23"
"Lancha","16.13"
"Balsa","6.45"
"Van","3.23"
"Surf","3.23"
"Arvorismo, cavalo","3.23"
"Arvorismo, montaria haras","3.23"
"Arvorismo","9.68"
"Jeep","3.23"
"Arvorismo e cavalo","3.23"
"Santuário","3.23"
"Stand up","3.23"
"Caiak","3.23"
"Cunhau","3.23"
"",""

"20.3- Como ficou sabendo do passeio?","PERCENTUAL"
"Internet","7.97"
"Outros","10.14"
"Propaganda","5.07"
"Com o próprio bugueiro","3.62"
"Concierge (hotel)","18.84"
"Agência de viagens/receptivo","8.70"
"Guia turístico/folders","22.46"
"Indicação de parentes/amigos","23.19"
"",""

"Condições do transporte","PERCENTUAL"
"4","31.75"
"5","50.00"
"3","13.49"
"2","2.38"
"1","2.38"
"",""

"Condutor/guia","PERCENTUAL"
"4","21.43"
"5","64.29"
"3","10.32"
"2","0.79"
"1","3.17"
"",""

"Roteiro do passeio","PERCENTUAL"
"4","24.41"
"5","62.99"
"3","8.66"
"2","0.79"
"1","3.15"
"",""

"Preço do passeio","PERCENTUAL"
"4","38.28"
"5","42.19"
"3","10.16"
"2","2.34"
"1","7.03"
"",""

"20.1- Por quê?","PERCENTUAL"
"Motivação de viagem","4.87"
"Falta de interesse","26.99"
"Falta de tempo","24.34"
"Já fez anteriormente","14.16"
"Outros","9.73"
"Insegurança/medo","0.88"
"Não gosta","2.21"
"Não estava no pacote","1.33"
"Viajava com crianças","15.49"
"Não Respondidos", "62.39","141"

"21- Quais os atrativos visitados?","PERCENTUAL"
"Praias Chapadão Fazenda do camarão","1.63"
"Praias Chapadão Fazenda do camarão Lagoa Guaraira Santuario ecológico","0.82"
"Praias Outros","3.54"
"Santuario ecológico","0.27"
"Praias Chapadão Lagoa Guaraira Santuario ecológico","0.27"
"Praias Chapadão Fazenda do camarão Lagoa Guaraira Mirantes Outros","1.36"
"Praias Chapadão Lagoa Guaraira Outros","1.09"
"Praias Chapadão Fazenda do camarão Lagoa Guaraira Mirantes Projeto Tamar","0.54"
"Praias Fazenda do camarão","0.27"
"Praias Chapadão Fazenda do camarão Lagoa Guaraira Mirantes Santuario ecológico","1.09"
"Praias Chapadão Mirantes Santuario ecológico","1.63"
"Praias Chapadão Fazenda do camarão Projeto Tamar Santuario ecológico Outros","0.27"
"Praias Chapadão Lagoa Guaraira Mirantes Santuario ecológico Outros","0.54"
"Praias Lagoa Guaraira Santuario ecológico","0.82"
"Praias Chapadão Mirantes Santuario ecológico Outros","0.27"
"Praias Chapadão Fazenda do camarão Lagoa Guaraira","2.18"
"Praias Santuario ecológico Outros","0.27"
"Mirantes Santuario ecológico","0.27"
"Praias Fazenda do camarão Lagoa Guaraira Mirantes Projeto Tamar Santuario ecológico","0.27"
"Praias Chapadão Lagoa Guaraira Mirantes","2.18"
"Lagoa Guaraira","0.27"
"Praias Chapadão Fazenda do camarão Lagoa Guaraira Mirantes","2.18"
"Mirantes","0.27"
"Praias Chapadão Fazenda do camarão Projeto Tamar","0.27"
"Praias Chapadão Fazenda do camarão Lagoa Guaraira Mirantes Projeto Tamar Santuario ecológico","0.54"
"Praias Projeto Tamar Santuario ecológico","0.27"
"Praias Fazenda do camarão Projeto Tamar Outros","0.27"
"Praias Chapadão Lagoa Guaraira","1.09"
"Praias Chapadão Projeto Tamar","0.27"
"Praias","38.42"
"Praias Chapadão Fazenda do camarão Lagoa Guaraira Mirantes Santuario ecológico Outros","0.27"
"Praias Chapadão Mirantes Outros","0.27"
"Outros","0.54"
"Praias Chapadão Fazenda do camarão Lagoa Guaraira Projeto Tamar Santuario ecológico","0.27"
"Praias Santuario ecológico","1.09"
"Praias Chapadão Mirantes Projeto Tamar Santuario ecológico Outros","0.27"
"Praias Chapadão Fazenda do camarão Santuario ecológico","0.54"
"Praias Chapadão Mirantes Projeto Tamar Santuario ecológico","1.91"
"Praias Chapadão Lagoa Guaraira Mirantes Santuario ecológico","3.27"
"Praias Chapadão Fazenda do camarão Mirantes Outros","0.27"
"Praias Nenhum","0.27"
"Praias Chapadão Fazenda do camarão Lagoa Guaraira Outros","0.54"
"Praias Chapadão Outros","0.27"
"Praias Chapadão Fazenda do camarão Santuario ecológico Outros","0.27"
"Praias Lagoa Guaraira Projeto Tamar Santuario ecológico","0.27"
"Praias Chapadão Santuario ecológico","1.63"
"Praias Chapadão Mirantes","8.99"
"Praias Chapadão Fazenda do camarão Mirantes","0.27"
"Praias Fazenda do camarão Lagoa Guaraira","0.27"
"Nenhum","1.09"
"Praias Lagoa Guaraira","1.36"
"Praias Chapadão","7.08"
"Praias Mirantes","2.72"
"Praias Mirantes Santuario ecológico","0.27"
"Praias Chapadão Lagoa Guaraira Mirantes Projeto Tamar Santuario ecológico","0.82"
"Praias Lagoa Guaraira Outros","0.27"
"Praias Lagoa Guaraira Mirantes","0.82"
"Praias Chapadão Projeto Tamar Santuario ecológico","0.27"
"Praias Chapadão Fazenda do camarão Outros","0.27"


"21- Quais os atrativos visitados?/Santuario ecológico","PERCENTUAL"
"1","18.80"
"0","81.20"


"21- Quais os atrativos visitados?/Nenhum","PERCENTUAL"
"1","1.36"
"0","98.64"


"21- Quais os atrativos visitados?/Praias","PERCENTUAL"
"0","2.72"
"1","97.28"


"21- Quais os atrativos visitados?/Mirantes","PERCENTUAL"
"1","31.34"
"0","68.66"


"21- Quais os atrativos visitados?/Outros","PERCENTUAL"
"1","10.90"
"0","89.10"


"21- Quais os atrativos visitados?/Chapadão","PERCENTUAL"
"1","45.78"
"0","54.22"


"21- Quais os atrativos visitados?/Fazenda do camarão","PERCENTUAL"
"1","14.71"
"0","85.29"


"21- Quais os atrativos visitados?/Lagoa Guaraira","PERCENTUAL"
"1","23.43"
"0","76.57"


"21- Quais os atrativos visitados?/Projeto Tamar","PERCENTUAL"
"1","6.54"
"0","93.46"


"22- Viajou para outros municípios ou localidades do RN? Quais?","PERCENTUAL"
"Não","60.38"
"Sim","39.62"
"Não Respondidos", "0.27","1"

"22.1- Quais?","PERCENTUAL"
"Barra do cunhau, sibauma e tibau","0.68"
"Barra de c. E baia formosa","0.68"
"Tabatinga","0.68"
"Piau","0.68"
"João câmara","0.68"
" Sibauma baia formosa barra","0.68"
"Baia formosa e barra de cunhau","0.68"
"Barra de Camaratuba ","0.68"
"Mossoro","0.68"
"Sibauma, barra do cunhau, búzios,tabatinga pirangi, natal, genipabu","0.68"
"Goianinha,Canguaretama","0.68"
"Canguaretama","0.68"
"Formosa","4.08"
"Natal, barra do cunhau","1.36"
"Nizia Floresta","0.68"
"Baia formosa sibauma e barra do cunhau","0.68"
"Natal, Tibau do Sul","0.68"
"Natal tibau ","0.68"
"Muitos","0.68"
"Não se aplica","0.68"
"Sibauma , barra de cunhau e baía formosa","0.68"
"Goianinha","8.16"
" Natal","0.68"
"Barra do cunhau e baia formosa","2.72"
"Mossoró, touros, SMG,, natal etc...","0.68"
"Baia Formosa e Barra de Cunhau.","0.68"
"Sibauma , barra do cunhau e baia formosa","0.68"
"Pipa,Redinha,genipabu","0.68"
"São !Miguel do gostoso","0.68"
"Malembá barra do cunhau sibauma","0.68"
"Não","2.04"
"Sibauma e barra","1.36"
"Ponta negra","0.68"
"Jenipabu, Natal, pirangi, tabatinga, Bahia formosa, barra do cunhau","0.68"
"Sagi","0.68"
"Nisia floresta","1.36"
"Sibauma barra e tibau","0.68"
"Caicó","0.68"
"São Miguel do Gostoso","0.68"
"Camaratuba ,sagi ,baia formosa, barra do cunhau , sibauma ","0.68"
"Natal, praia barra de tabatinga.","0.68"
"Natal, búzios, barra de tabatinga, SMG etc","0.68"
"Martins","0.68"
"Sibauma e tibau","1.36"
"Praias","0.68"
"Natal","28.57"
"Jenipabu
","0.68"
"Varios","0.68"
"São jose,nizia,formosa","0.68"
"Pium","0.68"
"Pipa","0.68"
"Tibau","1.36"
"Açu","0.68"
"Sibauma","3.40"
"Ponta Negra","0.68"
"Natal, Caicó mosoro","0.68"
"Natal ","0.68"
"São Miguel do gostoso e jenipabu","0.68"
"Pipa / Ponta Negra","0.68"
"Mossoró, são Miguel do gostoso","0.68"
"Barra do cunhau","3.40"
"Maracaju, genipabu, tabatinga, puranji","0.68"
"Natal, jenipabu, barra de tabatinga, Bahia formosa, barra do cunhau, pirangi do norte","0.68"
"Barra","1.36"
"Mossoró","0.68"
"Sibauma, barra do cunhau, malemba, tabatinga , búzios, pirangi, pium, natal, genipabu","0.68"
"Formosa sagi","0.68"
"Baia formosa","1.36"
"Sibauma barra do cunhau e baia formosa","0.68"
"Pirangi, tabatinga, buzios","0.68"
"",""

"23- É sua primeira vez nessa cidade?","PERCENTUAL"
"Não","54.77"
"Sim","45.23"


"24- Retornaria a essa cidade?","PERCENTUAL"
"Não","1.09"
"Sim","98.91"


"24.1- Por quê?","PERCENTUAL"
"Beleza, receptividade","0.27"
"Natureza, vida noturna","0.27"
"Natureza, o tamanho, tudo fica comodo, a galera","0.27"
"Ótimos restaurantes e praia","0.27"
"Tranquilidade","2.74"
"É muito legal","0.27"
"Astral bom, gosta da noite ver as lojas, mas é caro","0.27"
"Muito legal","0.55"
"Visitar o filho e porque é lindo","0.27"
"As praias são legais, as pessoas","0.27"
"Visitar parentes","0.27"
"Porque é tranquila, tem lindas praia","0.27"
"Belo, limpo","0.27"
"Natureza e noite da pipa","0.27"
"Quer morar","0.27"
"Belezas naturais, noite de pipa...","0.27"
"Muito linda , precisam melhorar infraestrutura e o atendimento. Não pode deixar CVC tomar conta , se não vai acabar com o destino, como ocorreu com Porto Seguro- BA","0.27"
"Praias bonitas, vida noturna","0.27"
"Ondas e cerveja","0.27"
"Simpatia, natureza","0.27"
"Praias e baladas","0.27"
"Pra conhecer mais","0.27"
"Curtição, noite agitada, mulherada","0.27"
"Natureza","0.55"
"Vento,praia","0.27"
"Porque tem muitos Argentinos","0.27"
"Belezas naturais e noite da pipa","0.55"
"Bonito, calmo e ambiente\clima praiano","0.27"
"Devido ao turismo","0.27"
"Beleza e tranquilidade","0.55"
"Muitas praias bonitas","0.27"
"Surf","0.27"
"Visitar amigos ","0.27"
"Agradável, praias noite","0.27"
"Ondas","0.27"
"Belezas naturais e visita a família","0.27"
"Gosta da tranquilidade, a agente, praia , segurança na praia","0.27"
" Praias bonitas,","0.27"
"Praia bonita","0.27"
"Belezas naturais e noite","0.82"
"Muito belo","0.27"
"Paraíso","0.55"
"Belezas naturais e a noite de pipa","0.27"
"Muito lindo, tranquilidade,","0.27"
"Intercâmbio de culturas","0.27"
"É linda","0.27"
"Belezas Naturais e noite de pipa","0.27"
"Tibau","0.27"
"Qualidade do atendimento, restaurantes e natureza","0.27"
"Lugar aconchegante","0.27"
"Amo a pipa","0.27"
"Praia","0.27"
"A cidade eh linda e o clima eh maravilhoso","0.27"
"Hospitalidade","0.55"
"Local legal","0.27"
"Encantadora","0.27"
"Perto","0.55"
"Praias,comercio, astral","0.27"
"Noite agitada e belas praias","0.27"
"Muito tranquila e agradável.","0.27"
"Mar verde","0.27"
"Lugar preciso. Natureza. Seguro","0.27"
"Tranqüila","0.27"
"Diversão noturna, praias e ótimas pessoas","0.27"
"Adoro, noite agitada","0.27"
"Naturais","0.27"
"Gostei muito","0.27"
"Adoro as praias de Tibau do Sul, principalmente, de Pipa.","0.27"
"Noite de pipa e praias","0.27"
"Muito tranquila","0.27"
"Limpo","0.27"
"Praia é MT BOA","0.27"
"Conhece","0.27"
"Bonita","0.55"
" Gosto das praias, do ambiente a noite, dos restaurantes etc","0.27"
"A diversão é muito boa","0.27"
"Belezas naturais e noite de pipa","3.01"
"A noite","0.27"
"Noite de pipa","0.27"
"Muito agradavel","0.27"
"Vida noturna e belezas naturais","0.27"
"Porque é fácil, ascecivel ","0.27"
"Praias e noite agitada","0.27"
"Tranquila","0.27"
"Vida noturna","0.55"
"Surfe","0.27"
"Tranquilo","0.27"
"Altas ondas","0.55"
"Atrativa","0.27"
"Porque aqui é o paraíso. Belicismo, fiquei maravilhada.","0.27"
"Clima","0.27"
"Lugar lindo","0.27"
"Comprou imóvel","0.27"
"Belezas naturais e eventos maravilhosos","0.27"
"Belezas naturais, noite, tranquilidade","0.27"
"Belezas naturais noite divertida","0.27"
",Vida noturna,gastronomia","0.27"
"Sol e praia","0.27"
"Ambiente agradável, mas ficaria menos tempo.","0.27"
"Muitas opções","0.27"
"Beleza, pessoas","0.27"
"Belezas naturais, vida noturna.","0.27"
"Praias, pessoas, noite","0.27"
"Belezas naturais noite de pipa","0.55"
"Pequeno e bonito","0.27"
"Porque me apaixonei","0.27"
"Achei bem atrativa","0.27"
"Agradável","0.82"
"Acolhedor","0.27"
"Pôquer é bonito r tem boas praias","0.27"
"Baladas","0.27"
"Belezas naturais e cidade linda","0.27"
"Belezas naturais, voda noturna e gente bonita","0.27"
"Porque gostou.","0.27"
"Acesso difícil","0.27"
"Segue de cidade em cidade e quase nunca volta a uma cidade","0.27"
"Vida noturna, natureza","0.27"
"Receptiva","0.27"
"Muito bom","0.27"
"Preço da cerveja","0.27"
"Belezas naturais e vida noturna","0.27"
"Bonitas praias","0.27"
"Belas praias","0.82"
"Para curti mesmos","0.27"
"Beleza","2.47"
"Cidade maravilhosa","0.27"
"Porque o ambiente é agradável","0.27"
"As praias são muito bonitas","0.27"
"Belezas naturais
Pousadas
Gastronomia","0.27"
"Pessoas","0.55"
"Vida noturna, praia","0.27"
"Gosta","1.64"
"Amo pipa","0.55"
"Beleza natural","0.27"
"Amo Pipa, praias lindas, vida noturna e mulheres lindas","0.27"
"Gostou","1.92"
"Belezas naturais, cidade bonita","0.27"
"Cidade linda","0.55"
"Porque gostei,","0.27"
"Praias e surfe","0.27"
"Clima muito bom","0.27"
"Povo educado","0.27"
"Bom demais","0.55"
"Fazer tudo denovo","0.27"
"Atrativos, belezas naturais","0.27"
"Muito aconchegante e bonita","0.27"
"Maravilhoso","0.27"
"Eu amo ,qualidades de vida, aposentar e vir mora aqui,","0.27"
"Aconchegante, bom local para conhecer natureza, bons campings","0.27"
"Visitar familia, belezas naturais","0.27"
"Porque gostei.","0.27"
"Muita gente bonita","0.27"
"Bom, gostei","0.27"
"É pipa, a noite agitata e cidade aconchegante","0.27"
"Adora","0.27"
"Acolhedora","0.55"
"Sempre me surpreende","0.27"
"Bonito","2.47"
"Bom","0.55"
"Passei pouco tempo","0.27"
"Porque a praia e a natureza são lindas.","0.27"
"Diferenciado, atrativo, varias culturas","0.27"
"Porquê eu amo","0.27"
"Praias agradáveis, climas cidade e gostoso","0.27"
"Atrativos turísticos","0.27"
" Natureza","0.27"
"Pelos atrativos e a cidade organizada","0.27"
"Belezas naturais","6.85"
"Gostamos","0.27"
"Belezas naturais e pelas ondad","0.27"
"Belas praias, amigos e baladas","0.27"
"Belezas naturais, noite de pipa","0.27"
"Muitas facetas a cidade, voltaria em outra época onde pudesse explorar a cultura. Agora é impocivel","0.27"
"Pela tranquilidade","0.27"
"BOM, Bonito e gente muito simpatica","0.27"
"Diversões variadas","0.27"
"Muito bonito","0.27"
"Lindo","1.64"
"Lugar bom","0.27"
"Praias muito bonitas","0.27"
"Belezas naturais estrutura da cidade agradavel","0.27"
"Melhor, surf, micro ponto.","0.27"
"A paisagem","0.27"
"Porque gosta mito e tranqüila oferece muitas coisas em um só lugar","0.27"
"Lugar q mais gosto","0.27"
"Praia mais agitada do rn","0.27"
"Porque é agradável e legal","0.27"
"Conhecidos","0.27"
"Acesso","0.27"
"Sossegado","0.27"
"Cidade sensacional","0.55"
"Noite, belezas naturais","0.27"
"Linda","0.82"
"Belo","0.27"
"Atrativos","0.27"
"Cidade aconchegante","0.27"
" Gostei, amei","0.27"
"Linda. Povo bonito e educado. Natureza bela","0.27"
"Muito bonita","0.55"
"As praias bonitas local agradavel","0.27"
"hospitalidade,violência zero,muito lindo, diferente de tudo que vê no Brasil, paisagem naturais.","0.27"
"Belezas","0.55"
"Boas ondas","0.27"
"Belezas naturais e noite de pips","0.27"
"Top","0.27"
"Trabalho","0.27"
"Muitas atrações e pessoas","0.27"
"Gostaram","0.27"
"Tudo lindo","0.27"
"Segurança / Atrativos / Paisagens ","0.27"
"Melhor praia","1.10"
"Qualidade das prais","0.27"
"Agradável, belezas naturais, acpnchegante","0.27"
"As praias são muito atrativas","0.27"
"Belezas naturais, bares e restaurantes","0.27"
"Belezas naturais e noite da 
Pipa","0.27"
"Gostoso","0.27"
"Positividade","0.27"
"Gostei","1.37"
"As praias são limpas e o sempre ensolarada","0.27"
"Serviço bom","0.27"
"A noite de pipa","0.27"
"Pessoas acolhedoras e praias paradisíacas","0.27"
"Agradavel","0.27"
"Boa estrutura","0.27"
"DMS esse lugar","0.27"
"Muito bonita ","0.27"
"Sol","0.27"
"Gostam","0.27"
"Beleza da praia","0.27"
"Gosto","0.27"
"Ainda não","0.27"
"Achei muito foda","0.27"
"Pela beleza","0.27"
"Belas","0.27"
"Ficar mais dias","0.27"
"Muitos atrativos","0.27"
"Praia limpa","0.27"
"Belezas naturais clima tropical","0.27"
"Praia sossegada","0.27"
"O lugar é aconchegante","0.27"
"Praias e festas","0.27"
"Adorá","0.27"
"É maravilhoso.","0.27"
"Adoro o  sol e praias, moro em um lugar muito frio, tranquilidade","0.27"
"Belezas naturais e a noite é ótima.","0.27"
"Lindo povo acolhedor","0.27"
"Amo","0.27"
"Hospitalidade, ambientes, atrativos, tranquilidade","0.27"
"Divertido","0.27"
"Praias lindas, noite de pipa","0.27"
"Saudades do irmão","0.27"
"Atendeu","0.27"
"Belezas naturais e noite agitada","0.27"
"Praias bonitas","0.27"
"Não Respondidos", "0.55","2"

"25- Recomendaria a cidade aos amigos?","PERCENTUAL"
"Sim","100.00"


"Hospedagem","PERCENTUAL"
"1400","0.59"
"110","0.29"
"4000","0.59"
"120","1.18"
"1500","3.24"
"4500","0.59"
"350","1.76"
"310","0.29"
"450","3.53"
"140","0.88"
"850","0.29"
"330","0.29"
"130","1.18"
"800","2.06"
"410","0.29"
"560","0.29"
"70","0.59"
"400","3.82"
"1750","0.29"
"4800","0.29"
"50","0.88"
"210","0.29"
"250","1.47"
"420","0.59"
"580","0.59"
"750","1.18"
"1320","0.29"
"13000","0.29"
"80","0.59"
"3600","0.29"
"480","0.29"
"700","2.35"
"1800","0.88"
"10000","0.29"
"2800","0.29"
"1600","0.29"
"100","2.06"
"1700","0.29"
"720","0.59"
"3200","0.29"
"7000","0.29"
"2200","0.29"
"1200","1.76"
"550","0.59"
"600","2.65"
"740","0.29"
"1300","0.29"
"200","1.18"
"150","0.88"
"900","0.59"
"3000","1.47"
"180","1.18"
"2500","1.18"
"5000","1.47"
"1050","0.29"
"0","26.76"
"440","0.29"
"3500","0.59"
"300","5.00"
"90","1.47"
"20","0.29"
"53","0.59"
"40","0.29"
"500","3.82"
"6000","0.88"
"2000","2.35"
"1000","6.76"
"Não Respondidos", "7.94","27"

"Alimentação","PERCENTUAL"
"2250","0.29"
"1500","4.37"
"120","0.58"
"350","1.75"
"450","2.33"
"30","0.87"
"800","2.33"
"1250","0.29"
"70","0.58"
"400","7.87"
"1207","0.29"
"50","2.62"
"210","0.87"
"250","2.04"
"2400","0.29"
"750","0.58"
"320","0.29"
"25","0.29"
"700","4.08"
"2100","0.29"
"1800","0.58"
"10000","0.29"
"1600","0.29"
"100","8.16"
"1200","0.29"
"600","4.96"
"200","6.41"
"900","2.04"
"150","3.50"
"3000","0.87"
"180","0.58"
"2500","1.17"
"5000","0.29"
"13","0.29"
"0","9.62"
"300","9.62"
"240","0.58"
"95","0.29"
"40","0.29"
"500","8.16"
"2000","3.50"
"1000","5.25"
"Não Respondidos", "7.00","24"

"Transporte","PERCENTUAL"
"1400","0.31"
"1100","0.61"
"110","0.61"
"8300","0.31"
"1500","3.37"
"120","0.61"
"350","0.92"
"5","0.61"
"15","0.61"
"30","2.45"
"850","0.31"
"35","0.31"
"130","0.61"
"800","2.15"
"65","0.31"
"8500","0.31"
"1080","0.31"
"950","0.31"
"410","0.31"
"56","0.31"
"400","0.61"
"70","2.15"
"50","6.13"
"250","1.23"
"80","0.31"
"700","0.92"
"2100","0.31"
"25","1.23"
"1800","0.61"
"85","0.31"
"1940","0.61"
"8400","0.31"
"2300","0.31"
"1900","0.61"
"100","7.06"
"1700","0.92"
"10","0.31"
"650","0.31"
"2200","0.31"
"1200","1.23"
"550","0.31"
"600","0.61"
"1300","0.61"
"200","4.60"
"150","5.21"
"8000","0.61"
"900","0.92"
"3000","1.53"
"180","0.61"
"2500","0.61"
"5000","0.31"
"1050","0.31"
"0","28.22"
"3500","0.61"
"60","1.84"
"300","3.68"
"1590","0.31"
"20","1.23"
"4000","0.31"
"40","0.61"
"500","1.53"
"2000","0.92"
"1000","3.07"
"Não Respondidos", "12.58","41"

"Passeios e lazer","PERCENTUAL"
"120","0.33"
"350","0.98"
"140","0.33"
"30","0.98"
"35","1.63"
"800","0.33"
"70","0.98"
"400","1.63"
"370","0.33"
"280","0.33"
"50","1.95"
"250","2.93"
"2000","0.65"
"80","0.65"
"25","0.33"
"700","0.65"
"75","0.65"
"85","0.33"
"230","0.33"
"45","0.33"
"100","6.51"
"600","0.98"
"200","6.51"
"150","3.58"
"3000","0.33"
"180","0.65"
"175","0.65"
"5000","0.33"
"160","0.98"
"360","0.33"
"0","44.95"
"270","0.33"
"300","5.54"
"60","0.98"
"20","0.65"
"40","0.98"
"500","6.84"
"1200","0.33"
"1000","1.95"
"Não Respondidos", "19.54","60"

"Compras","PERCENTUAL"
"1500","0.36"
"15","0.36"
"30","0.72"
"65","0.36"
"500","5.78"
"70","1.44"
"400","3.25"
"50","6.86"
"250","0.72"
"2000","1.08"
"80","1.81"
"57","0.36"
"85","0.36"
"12","0.72"
"230","0.36"
"172","0.36"
"100","7.94"
"1300","0.36"
"200","7.94"
"150","3.61"
"180","0.36"
"3","0.36"
"0","42.24"
"60","0.72"
"300","4.69"
"670","0.36"
"95","0.36"
"20","0.72"
"40","0.36"
"600","0.72"
"1200","0.72"
"1000","3.61"
"Não Respondidos", "32.49","90"

"Outros","PERCENTUAL"
"70","0.68"
"150","0.68"
"50","2.72"
"120","0.68"
"30000","0.68"
"100","0.68"
"0","89.12"
"300","1.36"
"25","0.68"
"200","1.36"
"500","0.68"
"1000","0.68"
"",""

"27- Como avalia os preços dos bens e serviços adquiridos nesta localidade?","PERCENTUAL"
"Normais","63.22"
"Elevados","34.06"
"Não sabe","0.54"
"Baixos","2.18"


"28- Qualifique os itens abaixo, em uma escala de 1 a 5 para os seguintes quesitos nesta localidade, quanto à:","PERCENTUAL"


"Atrativos naturais","PERCENTUAL"
"?","5.18"
"4","11.99"
"5","80.65"
"3","2.18"


"Patrimônio cultural","PERCENTUAL"
"4","17.17"
"5","29.43"
"3","15.26"
"2","6.81"
"1","7.63"
"?","23.71"


"Manifestações culturais","PERCENTUAL"
"4","16.35"
"5","11.72"
"3","14.99"
"2","10.90"
"1","5.99"
"?","40.05"


"Equipamentos de lazer","PERCENTUAL"
"4","23.16"
"5","31.88"
"3","14.44"
"2","5.18"
"1","3.00"
"?","22.34"


"Passeios diversos","PERCENTUAL"
"4","16.35"
"5","37.33"
"3","4.63"
"2","0.82"
"1","0.54"
"?","40.33"


"Serviços de receptivo","PERCENTUAL"
"4","14.17"
"5","37.87"
"3","7.08"
"2","1.63"
"1","0.27"
"?","38.96"


"Informações turísticas","PERCENTUAL"
"4","22.89"
"5","22.07"
"3","10.35"
"2","4.63"
"1","1.36"
"?","38.69"


"Guias de turismo","PERCENTUAL"
"4","11.44"
"5","13.08"
"3","4.63"
"2","1.09"
"1","0.54"
"?","69.21"


"Meios de hospedagem","PERCENTUAL"
"4","22.89"
"5","51.23"
"3","7.63"
"2","1.63"
"?","16.62"


"Locadora de veículos","PERCENTUAL"
"4","5.18"
"5","7.08"
"3","2.45"
"2","1.36"
"1","0.82"
"?","83.11"


"Restaurantes/bares","PERCENTUAL"
"4","32.70"
"5","46.59"
"3","12.53"
"2","2.18"
"1","1.09"
"?","4.90"


"Locadora de veículos","PERCENTUAL"
"4","5.18"
"5","7.36"
"3","1.36"
"2","1.36"
"1","0.82"
"?","83.92"


"Compras/comércio","PERCENTUAL"
"4","28.88"
"5","18.26"
"3","20.44"
"2","3.27"
"1","1.09"
"?","28.07"


"Diversões noturnas","PERCENTUAL"
"4","17.98"
"5","47.41"
"3","8.17"
"2","1.36"
"1","1.63"
"?","23.43"


"Acolhida do povo","PERCENTUAL"
"4","23.16"
"5","61.58"
"3","8.45"
"2","0.82"
"1","0.54"
"?","5.45"


"Atendimento dos serviços","PERCENTUAL"
"4","39.51"
"5","36.78"
"3","15.26"
"2","2.72"
"1","1.36"
"?","4.36"


"Acessibilidade","PERCENTUAL"
"4","13.90"
"5","10.90"
"3","29.97"
"2","21.25"
"1","18.26"
"?","5.72"


"Comunicações","PERCENTUAL"
"4","26.16"
"5","22.34"
"3","21.80"
"2","9.54"
"1","10.35"
"?","9.81"


"Sinalização urbana e turística","PERCENTUAL"
"4","29.16"
"5","18.26"
"3","21.53"
"2","13.90"
"1","7.08"
"?","10.08"


"Limpeza pública","PERCENTUAL"
"4","30.79"
"5","16.35"
"3","25.34"
"2","13.90"
"1","9.54"
"?","4.09"


"Segurança pública","PERCENTUAL"
"4","24.52"
"5","11.17"
"3","19.62"
"2","19.62"
"1","17.17"
"?","7.90"


"Transporte público","PERCENTUAL"
"4","7.36"
"5","5.72"
"3","8.45"
"2","10.08"
"1","6.27"
"?","62.13"


"Táxi/ Uber/ Transfer","PERCENTUAL"
"4","9.54"
"5","12.53"
"3","7.90"
"2","3.54"
"1","0.82"
"?","65.67"


"Rodoviária","PERCENTUAL"
"4","5.45"
"5","2.45"
"3","6.27"
"2","5.99"
"1","3.81"
"?","76.02"


"Aeroporto (acesso)","PERCENTUAL"
"4","11.99"
"5","10.08"
"3","12.26"
"2","11.44"
"1","12.26"
"?","41.96"


"Aeroporto (estrutura)","PERCENTUAL"
"4","16.08"
"5","28.88"
"3","7.63"
"2","3.00"
"1","1.63"
"?","42.78"


"Nome","PERCENTUAL"
"Willian","0.27"
"Tatiane","0.27"
"Karina","0.82"
"Marie","0.27"
"Valéria","0.27"
"Bruno azevedo","0.27"
"Freddy","0.27"
"Roberto","0.55"
"Lara","0.27"
"Joao","0.55"
"Marina","0.27"
"Johan","0.27"
"Thiago","0.27"
"Aline","0.55"
"Jimmy","0.27"
"Simone","0.27"
"Alexandre","0.27"
"Mariana","0.82"
"Messias","0.27"
"Daiana","0.27"
"Jane","0.55"
"Juliette","0.27"
"Erivaldo Coelho","0.27"
"Miranda","0.27"
"Vinicius","0.27"
"Elvira","0.27"
"Luciano Rebouças centro","0.27"
"Francisca","0.27"
"Francisco Wiry","0.27"
"Tainara","0.27"
"Ramon","0.27"
"Flavius","0.27"
"Karem","0.27"
"Moab Dantas","0.27"
"Gilvan","0.27"
"Jordano","0.27"
"Abilio","0.27"
"Andrea Gomes","0.27"
"Claudia coelho","0.27"
"Eunice","0.27"
"Albania","0.27"
"Regina","0.27"
"Afonso","0.27"
"Hadoyka","0.27"
"Filipe","0.27"
"Alejandro zamora","0.27"
"Yasmim medeiros","0.27"
"Constancia","0.27"
"Bianca","0.27"
"Gilberto","0.55"
"Cristiano","0.27"
"Isabela Reis","0.27"
"Henrique","0.27"
"Edilson
","0.27"
"Induina","0.27"
"Caju","0.27"
"Roger oliveira","0.27"
"Ana","0.27"
"Joice","0.27"
"Ivaí de Sousa Guimarães","0.27"
"Danielle","0.27"
"Aparecida","0.27"
"Mineli Andre","0.27"
"Gilete","0.27"
"Juan Auger","0.27"
"Bernardo","0.27"
"Richardson","0.27"
"Jorge","0.55"
"Jeferson saldanha centro","0.27"
"Guilherme","0.55"
"Anderson","0.27"
"Danillo Barata","0.27"
"Gabrielle","0.27"
"Tarsus","0.27"
"Waldemar","0.27"
"Suely","0.27"
"Fernando Macedo","0.27"
"Jonas","0.27"
"Albanisa dos reis silva","0.27"
"Menderson","0.27"
"Rodrigo","0.55"
"Luiza","0.27"
"Javier","0.55"
"Jardinense","0.27"
"Bruno","0.55"
"Avianca","0.27"
"Juliano _ casa cultura","0.27"
"Juliano","0.55"
"Ana Cristina Portmann","0.27"
"Aldeney","0.27"
"Vera Lúcia","0.27"
"Vanessa uribe chile","0.27"
"Alessandra","0.27"
"Pablo","0.27"
"Marcos","0.55"
"Helen","0.27"
"Priscila","0.27"
"Joana","0.27"
"Liliane","0.27"
"Manoel Gerson  ","0.27"
"Lucas coelho","0.27"
"Luzia","0.27"
"Antonio","0.82"
"Francisco","0.27"
"Sílvio","0.27"
"Andréa","0.27"
"Roni","0.27"
"Stwart","0.27"
"Angela","0.27"
"Mabel","0.27"
"Roberta Almeida","0.27"
"Maria de Lourdes Alves Lemos","0.27"
"Damien","0.27"
"Wendel","0.27"
"Adílio","0.27"
"Caue","0.27"
"Flavia","0.27"
"Vitoria","0.27"
"Haoan","0.27"
"Gisella","0.27"
"Gol Ojs8114","0.27"
"Thales","0.27"
"Camila","0.27"
"Valdir","0.27"
"Clovis","0.27"
"Fornari","0.27"
"Juliana","0.55"
"João","0.55"
"Sergio","0.27"
"Arthur","0.55"
"Sarah ","0.27"
"Olie","0.27"
"Julio lins","0.27"
"Gutierres","0.27"
"Cyntia","0.27"
"Eudes","0.27"
"Antônio","0.55"
"Diego Henrique","0.27"
"Marilia","0.27"
"Dimitri","0.27"
"Denise","0.27"
"Martelo","0.27"
"Valmir","0.27"
"Amanda severiano","0.27"
"Azul","0.27"
"Leandro","0.27"
"Nathalia","0.27"
"Luzevandro ","0.27"
"Tito","0.27"
"André Alves","0.27"
"Lucia","0.27"
"Gilmar ( centro) ","0.27"
"Hamilton","0.27"
"Laurindo","0.27"
"Adeilton","0.27"
"Nanda","0.27"
"Kayalu","0.27"
"Elis","0.27"
"Rodolfo","0.27"
"Vitor","0.27"
"Klerio","0.27"
"Vera","0.27"
"João Antônio","0.27"
"Carlos","0.82"
"Suely Bastos","0.27"
"Alisson","0.27"
"Brenda","0.27"
"Gustavo roots","0.27"
"Pedro","0.82"
"Tam","0.27"
"Andrea","0.27"
"Silvio","0.27"
"Braisy","0.27"
"Ramon Guilherme","0.27"
"Micheli","0.55"
"José Cleidio Horácio Júnior","0.27"
"Ludmila Carvalho","0.27"
"Elenilde","0.27"
"Sara","0.27"
"Diego","0.55"
"Saulo","0.55"
"Kimi","0.27"
"Giovane","0.27"
"Giovana","0.27"
"José Erton","0.27"
"Caio","0.27"
"Fernando","0.27"
"Wilian","0.27"
"Rafaella","0.27"
"Maria","0.55"
"Ivan","0.27"
"Dário","0.27"
"Cida","0.27"
"Flaviana","0.27"
"Magnos","0.27"
"Kathia","0.27"
"Myrella","0.27"
"Sandra","0.27"
"MTAntonio","0.27"
"Mirella","0.27"
"Matheus","0.55"
"Hugo delulo","0.27"
"Gustavo veras","0.27"
"Amanda","0.27"
"Marrye","0.27"
"Isa","0.27"
"Rafael","0.82"
"Luan","0.27"
"Eleocrei","0.27"
"Victor Pereira","0.27"
"Margareth Pereira","0.27"
"Alba Euzébio","0.27"
"Maiara","0.27"
"Juca","0.27"
"Lucas","0.27"
"Pablo moran","0.27"
"Genilson","0.27"
"Osni","0.27"
"Cristiana avo do Pedrinho","0.27"
"Fabiana","0.55"
"Bruno Cardoso","0.27"
"Alain","0.27"
"Barbara","0.27"
"Edgard","0.27"
"Eduardo","0.27"
"Fátima","0.27"
"Eduardo Mibielli","0.27"
"Maria gomes","0.27"
"Diogo","0.55"
"Teresa","0.27"
"Cassio","0.27"
"Ingrid Reis","0.27"
"Laura","0.55"
"Tamila Gargitter","0.27"
"Lidiane","0.27"
"José","0.27"
"Gabriele","0.27"
"Suleni Maria Borges","0.27"
"Maria Belem","0.27"
"Bruno solto","0.27"
"Alan","0.27"
"Paulo Victor","0.27"
"João Paulo","0.27"
"Ricardo","1.10"
"Welleton","0.27"
"David","0.27"
"Jose Luiz","0.27"
"Eder","0.27"
"Mário","0.27"
"Solange","0.27"
"PRHilda","0.27"
"Gilmar","0.27"
"Silvina","0.27"
"Rosana","0.27"
"Rosani","0.27"
"Valeria","0.27"
"Lorena","0.27"
"Lívia","0.27"
"Glalber","0.27"
"Adriana","0.82"
"Rufino","0.27"
"Gol","0.55"
"Eduardo anibal","0.27"
"Mario","0.55"
"Jailton","0.27"
"Paula","0.27"
"Regivaldo","0.27"
"Gustavo","0.55"
"Claudia","0.27"
"Laís","0.27"
"Alcemir","0.27"
"Augusto","0.27"
"Soraya","0.27"
"Barbara toscano","0.27"
"Roberta","0.27"
"Debora","0.27"
"Ellena Basto","0.27"
"Jessica","0.55"
"Cielo Arau","0.27"
"Gabriel","0.55"
"Viviane ","0.27"
"Cintia (centro)","0.27"
"Ligia","0.27"
"Erika","0.27"
"Marcela","0.27"
"Jeremias","0.55"
"Laerte","0.27"
"Valdenir","0.27"
"Isabel alves","0.27"
"Miguel","0.55"
"Agustina","0.27"
"Caroline","0.27"
"Tailane","0.27"
"Maximiliano","0.27"
"Geraldo","0.27"
"Ismael","0.27"
"Maisa","0.55"
"Fatima Andrade","0.27"
"Martin","0.55"
"Suzana","0.55"
"Gleidson","0.27"
"Gisely","0.27"
"Mirian","0.27"
"Arivelton _casa cultural","0.27"
"Marcondes Gomes","0.27"
"Ana Amelia","0.27"
"Júlia","0.27"
"Daniela","0.27"
"Jardiene","0.27"
"Richelle","0.27"
"Rafaela","0.82"
"Não Respondidos", "0.82","3"

